{
  "Total" : {
    "transaction" : "Total",
    "sampleCount" : 5000,
    "errorCount" : 63,
    "errorPct" : 1.26,
    "meanResTime" : 2980.9742000000056,
    "medianResTime" : 344.0,
    "minResTime" : 2.0,
    "maxResTime" : 17965.0,
    "pct1ResTime" : 10773.900000000001,
    "pct2ResTime" : 12709.0,
    "pct3ResTime" : 15296.96,
    "throughput" : 4.950078458743571,
    "receivedKBytesPerSec" : 210.15056417745782,
    "sentKBytesPerSec" : 2.8291225954993884
  },
  "Feed_Page" : {
    "transaction" : "Feed_Page",
    "sampleCount" : 1000,
    "errorCount" : 29,
    "errorPct" : 2.9,
    "meanResTime" : 10669.358999999999,
    "medianResTime" : 10773.5,
    "minResTime" : 77.0,
    "maxResTime" : 17965.0,
    "pct1ResTime" : 14415.9,
    "pct2ResTime" : 15296.8,
    "pct3ResTime" : 16756.030000000002,
    "throughput" : 0.9960714940275552,
    "receivedKBytesPerSec" : 209.38805923655852,
    "sentKBytesPerSec" : 0.5875917179518977
  },
  "otp verify Login" : {
    "transaction" : "otp verify Login",
    "sampleCount" : 1000,
    "errorCount" : 17,
    "errorPct" : 1.7,
    "meanResTime" : 442.61600000000016,
    "medianResTime" : 386.0,
    "minResTime" : 2.0,
    "maxResTime" : 1846.0,
    "pct1ResTime" : 786.6999999999999,
    "pct2ResTime" : 922.7999999999997,
    "pct3ResTime" : 1261.8000000000002,
    "throughput" : 1.0007235231072065,
    "receivedKBytesPerSec" : 1.0646105337283855,
    "sentKBytesPerSec" : 0.605595071799411
  },
  "Login" : {
    "transaction" : "Login",
    "sampleCount" : 1000,
    "errorCount" : 15,
    "errorPct" : 1.5,
    "meanResTime" : 3688.8969999999977,
    "medianResTime" : 3437.0,
    "minResTime" : 2.0,
    "maxResTime" : 9493.0,
    "pct1ResTime" : 6353.7,
    "pct2ResTime" : 7117.949999999997,
    "pct3ResTime" : 8404.7,
    "throughput" : 0.9975102145045964,
    "receivedKBytesPerSec" : 0.26999503769840477,
    "sentKBytesPerSec" : 0.5871526310952861
  },
  "Get Requested OTP" : {
    "transaction" : "Get Requested OTP",
    "sampleCount" : 1000,
    "errorCount" : 1,
    "errorPct" : 0.1,
    "meanResTime" : 55.63399999999998,
    "medianResTime" : 35.0,
    "minResTime" : 2.0,
    "maxResTime" : 405.0,
    "pct1ResTime" : 135.89999999999998,
    "pct2ResTime" : 191.0,
    "pct3ResTime" : 281.0,
    "throughput" : 1.0008356978076693,
    "receivedKBytesPerSec" : 0.23363844747864468,
    "sentKBytesPerSec" : 0.5470827906927285
  },
  "Create installation" : {
    "transaction" : "Create installation",
    "sampleCount" : 1000,
    "errorCount" : 1,
    "errorPct" : 0.1,
    "meanResTime" : 48.36500000000001,
    "medianResTime" : 29.0,
    "minResTime" : 5.0,
    "maxResTime" : 584.0,
    "pct1ResTime" : 115.89999999999998,
    "pct2ResTime" : 160.94999999999993,
    "pct3ResTime" : 260.9200000000001,
    "throughput" : 1.001587516213198,
    "receivedKBytesPerSec" : 0.4888686067416856,
    "sentKBytesPerSec" : 0.5281809167530536
  }
}