{
  "Total" : {
    "transaction" : "Total",
    "sampleCount" : 50,
    "errorCount" : 0,
    "errorPct" : 0.0,
    "meanResTime" : 1577.5999999999997,
    "medianResTime" : 184.5,
    "minResTime" : 7.0,
    "maxResTime" : 7771.0,
    "pct1ResTime" : 4831.5,
    "pct2ResTime" : 6787.449999999998,
    "pct3ResTime" : 7771.0,
    "throughput" : 3.012592637223595,
    "receivedKBytesPerSec" : 117.47757972073265,
    "sentKBytesPerSec" : 1.7257683994095316
  },
  "Feed_Page" : {
    "transaction" : "Feed_Page",
    "sampleCount" : 10,
    "errorCount" : 0,
    "errorPct" : 0.0,
    "meanResTime" : 4968.900000000001,
    "medianResTime" : 4271.5,
    "minResTime" : 3181.0,
    "maxResTime" : 7771.0,
    "pct1ResTime" : 7695.8,
    "pct2ResTime" : 7771.0,
    "pct3ResTime" : 7771.0,
    "throughput" : 0.7811279487580066,
    "receivedKBytesPerSec" : 150.68598900562412,
    "sentKBytesPerSec" : 0.4653203600999844
  },
  "otp verify Login" : {
    "transaction" : "otp verify Login",
    "sampleCount" : 10,
    "errorCount" : 0,
    "errorPct" : 0.0,
    "meanResTime" : 236.3,
    "medianResTime" : 184.5,
    "minResTime" : 104.0,
    "maxResTime" : 447.0,
    "pct1ResTime" : 441.1,
    "pct2ResTime" : 447.0,
    "pct3ResTime" : 447.0,
    "throughput" : 1.0650761529449357,
    "receivedKBytesPerSec" : 1.1472451139631485,
    "sentKBytesPerSec" : 0.644870326978379
  },
  "Login" : {
    "transaction" : "Login",
    "sampleCount" : 10,
    "errorCount" : 0,
    "errorPct" : 0.0,
    "meanResTime" : 2612.3,
    "medianResTime" : 2247.0,
    "minResTime" : 1368.0,
    "maxResTime" : 4845.0,
    "pct1ResTime" : 4734.900000000001,
    "pct2ResTime" : 4845.0,
    "pct3ResTime" : 4845.0,
    "throughput" : 0.9338812103100486,
    "receivedKBytesPerSec" : 0.25262216333582366,
    "sentKBytesPerSec" : 0.5499320017743743
  },
  "Get Requested OTP" : {
    "transaction" : "Get Requested OTP",
    "sampleCount" : 10,
    "errorCount" : 0,
    "errorPct" : 0.0,
    "meanResTime" : 36.1,
    "medianResTime" : 21.5,
    "minResTime" : 7.0,
    "maxResTime" : 130.0,
    "pct1ResTime" : 124.50000000000003,
    "pct2ResTime" : 130.0,
    "pct3ResTime" : 130.0,
    "throughput" : 1.0698619878035733,
    "receivedKBytesPerSec" : 0.24970411629399808,
    "sentKBytesPerSec" : 0.5850807745800792
  },
  "Create installation" : {
    "transaction" : "Create installation",
    "sampleCount" : 10,
    "errorCount" : 0,
    "errorPct" : 0.0,
    "meanResTime" : 34.4,
    "medianResTime" : 14.5,
    "minResTime" : 7.0,
    "maxResTime" : 107.0,
    "pct1ResTime" : 103.80000000000001,
    "pct2ResTime" : 107.0,
    "pct3ResTime" : 107.0,
    "throughput" : 1.1340440009072352,
    "receivedKBytesPerSec" : 0.5537324223179859,
    "sentKBytesPerSec" : 0.5980310161034248
  }
}